장례식장명,요금카테고리,상품/항목명,가격,상품설명
21그램 경기광주점,등록 요금 정보 없음,-,전화 문의,-
21그램 남양주점,등록 요금 정보 없음,-,전화 문의,-
21그램 천안아산점,등록 요금 정보 없음,-,전화 문의,-
강릉펫사랑,장례 예식 안내 (5kg 기준),기본 예식,"300,000원","염습, 추모실, 단독화장, 목관함, 액자 제공"
강릉펫사랑,장례 예식 안내 (5kg 기준),펫사랑 예식,"350,000원","기본 예식 + 오동나무관, 삼베이불, 생화 소량"
강릉펫사랑,장례 예식 안내 (5kg 기준),품격 예식,"450,000원","기본 예식 + 오동나무관, 인견수의보/삼베수의 중 택 1, 생화"
강릉펫사랑,장례 예식 안내 (5kg 기준),고급 예식,"550,000원","기본 예식 + 오동나무관, 삼베수의, 고급 린넨수의보 등"
강릉펫사랑,장례 예식 안내 (5kg 기준),최고급 예식,"650,000원","기본 예식 + 요람관, 최고급 목화솜수의보, 생화 등"
강릉펫사랑,스톤 패키지 장례 (5kg 기준),기본 스톤 장례,"650,000원",펫사랑예식 + 기본 스톤함
강릉펫사랑,스톤 패키지 장례 (5kg 기준),품격 스톤 장례,"1,000,000원",품격예식 + 호두나무 액자 스톤함
강릉펫사랑,스톤 패키지 장례 (5kg 기준),고급 스톤 장례,"1,200,000원",고급예식 + 고급 원목 홈세트
강릉펫사랑,납골당 패키지 장례,품격 납골당 장례,"700,000원",품격예식 + 기능성 유골함 + 납골당(전층) 1년
강릉펫사랑,납골당 패키지 장례,고급 납골당 장례,"900,000원",고급예식 + 호두나무 액자 안치함 + 납골당 1년
강아지펫헤븐,등록 요금 정보 없음,-,전화 문의,-
경북,등록 요금 정보 없음,-,전화 문의,-
굿바이펫,기본 장례 비용 (소형 반려동물 기준),기본 장례,"350,000원",염습+수의+오동나무관+백자단지+수목장 유골함
굿바이펫,기본 장례 비용 (소형 반려동물 기준),특수동물 및 6개월 미만,"300,000원","기본 장례 비용에서 50,000원 차감"
굿바이펫,기본 장례 비용 (소형 반려동물 기준),셀프 장례,"300,000원","기본 장례 비용에서 50,000원 차감"
굿바이펫,체중별 기본 화장 비용 (중형~대형견),중형견 (약 15kg 이내),"450,000원",광목천+한지 입관
굿바이펫,체중별 기본 화장 비용 (중형~대형견),중대형견 (약 25kg 이내),"550,000원",광목천+한지 입관
굿바이펫,체중별 기본 화장 비용 (중형~대형견),대형견 (약 35kg 이내),"650,000원",광목천+한지 입관
굿바이펫,체중별 기본 화장 비용 (중형~대형견),초대형견 (약 45kg 이내),"750,000원",광목천+한지 입관
굿바이펫,선택 옵션 및 추가 항목,중소형관(60cm) 추가,"50,000원",골격이 커서 중소형관이 필요한 경우
굿바이펫,선택 옵션 및 추가 항목,납골당 안치 (3개월),"60,000원",연장 가능
굿바이펫,선택 옵션 및 추가 항목,루세떼(메모리얼 스톤) 제작,별도 문의,중부권 최초 루세떼 제작 시설
더포에버,기본 장례식 (전과정 참관 및 단독추모실),소동물,"150,000원",기본장례
더포에버,기본 장례식 (전과정 참관 및 단독추모실),5kg 미만,"200,000원",기본장례
더포에버,기본 장례식 (전과정 참관 및 단독추모실),10kg 미만,"230,000원",기본장례
더포에버,기본 장례식 (전과정 참관 및 단독추모실),15kg 미만,"250,000원",기본장례
더포에버,기본 장례식 (전과정 참관 및 단독추모실),20kg 미만,"300,000원",기본장례
더포에버,기본 장례식 (전과정 참관 및 단독추모실),20kg 이상,"300,000원~",kg당 2만원 추가
더포에버,장례 용품 (선택 사항),수의,별도 문의,상세 비용 보호자 상담
더포에버,장례 용품 (선택 사항),관,별도 문의,상세 비용 보호자 상담
더포에버,장례 용품 (선택 사항),유골함,별도 문의,상세 비용 보호자 상담
더포에버,장례 용품 (선택 사항),메모리얼스톤,별도 문의,상세 비용 보호자 상담
러브펫 경기광주점,등록 요금 정보 없음,-,전화 문의,-
러브펫 대구점,등록 요금 정보 없음,-,전화 문의,-
러블리엔젤,"기본 화장 비용 (추모실, 개별화장 포함 / VAT 별도)",1kg 미만,"150,000원",소형 특수동물 및 초소형견 기준
러블리엔젤,"기본 화장 비용 (추모실, 개별화장 포함 / VAT 별도)",1kg ~ 5kg,"200,000원",일반 소형견/묘 기준
러블리엔젤,"기본 화장 비용 (추모실, 개별화장 포함 / VAT 별도)",5kg ~ 10kg,"250,000원",중형견 기준
러블리엔젤,"기본 화장 비용 (추모실, 개별화장 포함 / VAT 별도)",10kg ~ 15kg,"300,000원",중대형견 기준
러블리엔젤,"기본 화장 비용 (추모실, 개별화장 포함 / VAT 별도)",15kg ~ 20kg,"350,000원",대형견 기준
러블리엔젤,"기본 화장 비용 (추모실, 개별화장 포함 / VAT 별도)",20kg ~ 25kg,"400,000원",대형견 전문 화장
러블리엔젤,"기본 화장 비용 (추모실, 개별화장 포함 / VAT 별도)",25kg ~ 30kg,"450,000원",대형견 전문 화장
러블리엔젤,"기본 화장 비용 (추모실, 개별화장 포함 / VAT 별도)",30kg ~ 35kg,"500,000원",대형견 전문 화장
러블리엔젤,"기본 화장 비용 (추모실, 개별화장 포함 / VAT 별도)",35kg ~ 40kg,"550,000원",대형견 전문 화장
러블리엔젤,"기본 화장 비용 (추모실, 개별화장 포함 / VAT 별도)",40kg 이상,별도문의,초대형견 상세 요금 문의
러블리엔젤,선택 장례 용품 (VAT 별도),염습 (몸 단장),"50,000원~",장례 지도사의 정갈한 사체 수습
러블리엔젤,선택 장례 용품 (VAT 별도),일반 수의,"80,000원~",표준형 수의
러블리엔젤,선택 장례 용품 (VAT 별도),고급 수의,"150,000원~",프리미엄 소재 고품격 수의
러블리엔젤,선택 장례 용품 (VAT 별도),일반관,"100,000원~",표준 오동나무 관
러블리엔젤,선택 장례 용품 (VAT 별도),고급관,"250,000원~",고품격 오동나무 관
러블리엔젤,선택 장례 용품 (VAT 별도),수목장함,"50,000원~",자연 안치용 수목함
러블리엔젤,선택 장례 용품 (VAT 별도),기능성 유골함,"200,000원~",반영구 훼손 방지 이중함
러블리엔젤,봉안 및 특수 서비스 (VAT 별도),메모리얼 스톤 (루세떼),"250,000원~",영구 보존 가능한 유골 보석화
러블리엔젤,봉안 및 특수 서비스 (VAT 별도),산골 / 자연장,"50,000원~",지정된 장소에 평화로운 안치
러블리엔젤,봉안 및 특수 서비스 (VAT 별도),봉안당 안치 (1년),"200,000원~",품격 있는 실내 봉안 시설
러블리엔젤,봉안 및 특수 서비스 (VAT 별도),수목장 안치,별도문의,자연과 함께하는 영원한 안식
러블리엔젤,봉안 및 특수 서비스 (VAT 별도),안심 픽업 서비스,별도문의,원거리 이동 지원 (지역별 차등)
로이힐즈,추모 및 봉안 서비스 (가격 별도 문의),로이하우스,별도문의,"고별실, 염습실, 라운지 등 프리미엄 추모 시설"
로이힐즈,추모 및 봉안 서비스 (가격 별도 문의),로이브릿지,별도문의,아름다운 이별을 위한 특별한 공간
로이힐즈,추모 및 봉안 서비스 (가격 별도 문의),로이네스트,별도문의,안락하고 따뜻한 실내 봉안 시설
로이힐즈,추모 및 봉안 서비스 (가격 별도 문의),로이포레,별도문의,자연과 함께하는 숲속 테마 추모 공간
로이힐즈,추모 및 봉안 서비스 (가격 별도 문의),로이월,별도문의,정성 가득한 추모의 벽 (봉안담)
로이힐즈,추모 및 봉안 서비스 (가격 별도 문의),로이가든,별도문의,아름다운 정원 테마 추모 공간
리멤버,리멤버 장례 상품 (5kg 기준),리멤버장,"290,000원",기본 화장 패키지
리멤버,리멤버 장례 상품 (5kg 기준),엔젤장,"390,000원",기본 화장 + 용품 추가
리멤버,리멤버 장례 상품 (5kg 기준),무지개장,"520,000원",고급 장례 패키지
리멤버,리멤버 장례 상품 (5kg 기준),무지개고급장,"880,000원",VIP 장례 패키지
리멤버,리멤버 장례 상품 (5kg 기준),무지개VIP장,"1,430,000원",VVIP 프리미엄 장례 패키지
리멤버,리멤버 스톤 제작,5kg 미만,"200,000원",순도 100% 유골로 영원히 간직할 수 있는 스톤 (1회/전량 기준)
리멤버,리멤버 스톤 제작,5kg ~ 10kg,"250,000원",스톤 제작 5~10kg 기준
리멤버,리멤버 스톤 제작,10kg ~ 15kg,"300,000원",스톤 제작 10~15kg 기준
리멤버,리멤버 스톤 제작,15kg 이상 대형견 등,"350,000원~",대형동물 스톤 제작비
리멤버,픽업 서비스 & 기타 용품,픽업 서비스 (왕복),"40,000원~ (기본)",지역별 거리에 따라 요금 차등
리멤버,픽업 서비스 & 기타 용품,기능성 프리미엄 유골함,"100,000원~","밀폐기능, 고급 문양 등"
리멤버,픽업 서비스 & 기타 용품,옵션 이별 준비,"100,000원~","꽃, 초, 마지막 인사"
리멤버파크,등록 요금 정보 없음,-,전화 문의,-
리틀포즈,등록 요금 정보 없음,-,전화 문의,-
마스꼬따휴,등록 요금 정보 없음,-,전화 문의,-
메리온,장례 패키지 (5kg 기준),기본장,"200,000원","기본 유골함, 예식실 사용, 염습"
메리온,장례 패키지 (5kg 기준),일반장,"420,000원","일반 수의, 오동나무 관, 일반 유골함 등"
메리온,장례 패키지 (5kg 기준),고급장,별도 문의,"고급 수의, 오동나무 관, 고급 유골함 등"
메리온,장례 패키지 (5kg 기준),최고급장,별도 문의,"최고급 명주 수의, 최고급 관, 이중 유골함 등"
메리온,안치 (추모관),일반 추모관 (1년),"150,000원",추가 관리비 없음
메리온,안치 (추모관),고급 추모관 (1년),"250,000원",추가 관리비 없음
몽몽이엠파크,등록 요금 정보 없음,-,전화 문의,-
백꽃사랑하이빛,등록 요금 정보 없음,-,전화 문의,-
별다만,화장 (기본),1kg 미만,"150,000원","개별화장, 장례증명서"
별다만,화장 (기본),5kg 미만,"200,000원","개별화장, 장례증명서"
별다만,화장 (기본),10kg 미만,"250,000원","개별화장, 장례증명서"
별다만,기본 장례,1kg 미만,"170,000원","염습, 추모실, 개별화장, 유골함 등"
별다만,기본 장례,5kg 미만,"230,000원","염습, 추모실, 개별화장, 유골함 등"
별다만,기본 장례,10kg 미만,"280,000원","염습, 추모실, 개별화장, 유골함 등"
별다만,별다만 장례 패키지,5kg 미만,"550,000원","고급수의, 오동나무관 등 포함"
별다만,별다만 장례 패키지,10kg 미만,"650,000원","고급수의, 오동나무관 등 포함"
별다만,별다만 요람 장례 패키지,5kg 미만,"550,000원","수의보, 요람장 등 포함"
별다만,별다만 요람 장례 패키지,10kg 미만,"650,000원","수의보, 요람장 등 포함"
별이되다,일반동물 (15kg 미만 기준),베이직 장례,"250,000원",장례 한지이불 국화 나무유골함 보자기
별이되다,일반동물 (15kg 미만 기준),별장례,"500,000원",베이직장례 인견덮는형 고급면수의 고급오동나무관 국화 나무유골함 보자기 사진액자 꽃장식
별이되다,일반동물 (15kg 미만 기준),요람장례,"600,000원",장례 별이되다요람 국화 나무유골함 보자기 사진액자 꽃장식
별이되다,일반동물 (15kg 미만 기준),천사장례,"800,000원",장례 최고급오동나무관 최고급린넨수의 국화 나무유골함 보자기 사진액자 꽃장식
별이되다,일반동물 (15kg 미만 기준),꽃장식,"80,000원","베이직장례, 간소화장례 적용 가능"
서래안펫타운,등록 요금 정보 없음,-,전화 문의,-
스냅플러그,스냅플러그 장례 비용,기본 장례,"200,000원","개별 화장, 추모실 이용 등 포함"
스마일어게인,등록 요금 정보 없음,-,전화 문의,-
스윗드림펫,등록 요금 정보 없음,-,전화 문의,-
스타티스,장례 서비스 (체중 5kg 미만 기준),기본 장례,"250,000원",염습+화장+기본 유골함
스타티스,장례 서비스 (체중 5kg 미만 기준),고급 장례,"500,000원",염습+일반수의+오동나무관+국화꽃다발+화장+기능성유골함
스타티스,장례 서비스 (체중 5kg 미만 기준),VIP 장례,"850,000원",염습+고급수의+오동나무관+생화장식+호두나무 유골함
스타티스,봉안당 패키지,봉안당 패키지 (고급),"600,000원","고급장례 + 봉안당 (1단, 2단, 6단 중 택1) 1년 안치"
스타티스,봉안당 패키지,봉안당 패키지 (VIP),"1,200,000원",VIP장례 + VIP봉안당 1년 안치
스타티스,노블스톤(기념석) 패키지,노블스톤 장례 (기본),"750,000원",기본장례 + 노블스톤(30알) + 유리스톤함
스타티스,노블스톤(기념석) 패키지,노블스톤 패키지 (고급),"1,050,000원",고급장례 + 노블스톤(30알) + 자작나무스톤함 + 기본유골함
스타티스,노블스톤(기념석) 패키지,노블스톤 패키지 (VIP),"1,500,000원",VIP장례 + 노블스톤(30알) + 호두나무스톤함/달스톤함 + 일반유골함
스타티스,"봉안당 안치 (VAT 별도, 1년 기준)","일반 봉안당 1단, 2단, 6단","200,000원",일반 구성
스타티스,"봉안당 안치 (VAT 별도, 1년 기준)","일반 봉안당 3단, 4단","400,000원",일반 구성
스타티스,"봉안당 안치 (VAT 별도, 1년 기준)",일반 봉안당 5단,"300,000원",일반 구성
스타티스,"봉안당 안치 (VAT 별도, 1년 기준)","VIP 봉안당 1단, 2단, 6단","400,000원",VIP 구성
스타티스,"봉안당 안치 (VAT 별도, 1년 기준)","VIP 봉안당 3단, 4단","600,000원",VIP 구성
스타티스,"봉안당 안치 (VAT 별도, 1년 기준)",VIP 봉안당 5단,"500,000원",VIP 구성
스타티스,"픽업/운구 서비스 (편도 기준, VAT 별도)",기장군 무료 / 해운대구,"무료 / 20,000원","기장군(무료), 해운대구(2만)"
스타티스,"픽업/운구 서비스 (편도 기준, VAT 별도)",부산 금정/연제/동래/남구/수영,"30,000원",부산 1권역 편도
스타티스,"픽업/운구 서비스 (편도 기준, VAT 별도)",부산 부산진/북/사상/동/서/중/사하/강서/영도,"50,000원",부산 2권역 편도
스타티스,"픽업/운구 서비스 (편도 기준, VAT 별도)",경남권 1 (울산/김해/양산),"60,000원","울산, 김해, 양산 지역"
스타티스,"픽업/운구 서비스 (편도 기준, VAT 별도)",경남권 2 (창원/마산/진해/진주/거제/가덕도),"100,000원",거리 초과 경남 타 지역
스타티스,추가 비용 및 안내,체중 5kg~10kg 초과 시,"1kg당 10,000원",5kg 초과부터 10kg까지
스타티스,추가 비용 및 안내,산골 비용,"30,000원",유골을 뿌려주는 서비스
스타펫,기본 화장 비용 (기본 유골함 포함),1kg 미만,"180,000원",개별 화장 및 기본 추모 서비스
스타펫,기본 화장 비용 (기본 유골함 포함),5kg 미만,"200,000원",개별 화장 및 기본 추모 서비스
스타펫,기본 화장 비용 (기본 유골함 포함),10kg 미만,"230,000원",개별 화장 및 기본 추모 서비스
스타펫,기본 화장 비용 (기본 유골함 포함),15kg 미만,"260,000원",개별 화장 및 기본 추모 서비스
스타펫,기본 화장 비용 (기본 유골함 포함),20kg 미만,"300,000원",개별 화장 및 기본 추모 서비스
스타펫,기본 화장 비용 (기본 유골함 포함),20kg 이상,"300,000원~","20kg 기준가 + 1kg당 20,000원 추가"
스타펫,선택 서비스 및 용품,염습,"30,000원~",장례 지도사의 정갈한 수습
스타펫,선택 서비스 및 용품,삼베 수의,"70,000원~",전통 삼베 소재의 수의
스타펫,선택 서비스 및 용품,오동나무 일반관,"70,000원~",표준 오동나무 재질 관
스타펫,선택 서비스 및 용품,특수제작 고급관,"100,000원~",고급 오동나무 특수 제작 관
스타펫,선택 서비스 및 용품,기능성 유골함,"100,000원~",훼손 방지 이중 유골함
스타펫,선택 서비스 및 용품,캄포 원목함,"150,000원",항균 및 방충 효과의 캄포 원목 함
스타펫,선택 서비스 및 용품,메모리얼 스톤,"150,000원~",스타크리스탈 수작업 제작
스타펫,선택 서비스 및 용품,산골 서비스,"30,000원",정해진 장소에 뿌려주는 서비스
스토리펫,기본 장례 비용,1kg 이하,"180,000원",1kg 이하 소형 반려동물 기본 장례 비용
스토리펫,기본 장례 비용,5kg 이하,"250,000원",5kg 이하 반려동물 기본 장례 비용
스토리펫,기본 장례 비용,무게 추가 비용,"10,000원",1kg 추가당 추가 요금 발생
스토리펫,기본 장례 비용,20kg 이상 대형견,별도 문의,20kg 이상 대형견/동물을 위한 특수 장례
스토리펫,장례 용품 안내,유골함 / 수의 / 관,별도 문의,개별 맞춤형 용품 선택 후 결정됩니다
씨엘로펫,장례 패키지,베이직 장례 (5kg 미만),"200,000원",-
씨엘로펫,장례 패키지,프리미엄 장례,"450,000원",-
씨엘로펫,추가 옵션,염습,"50,000원",-
씨엘로펫,추가 옵션,수의,"30,000원~",-
씨엘로펫,추가 옵션,기능성 유골함,"100,000원~",-
아리아펫,등록 요금 정보 없음,-,전화 문의,-
아이드림펫,"기본 화장 비용 (헌화, 추모키트, 기본함 포함 / VAT 포함)",기본 장례 (10kg 이하),"250,000원","개별화장, 추모세트, 기본유골함 포함"
아이드림펫,"기본 화장 비용 (헌화, 추모키트, 기본함 포함 / VAT 포함)",체중 초과 비용,"+20,000원",10kg 초과 시 1kg당 가산 비용
아이드림펫,장례 패키지 (VAT 포함),Package #1 (수의/관),"450,000원","기본 + 삼베수의, 오동나무관, 꽃다발, 고급액자"
아이드림펫,장례 패키지 (VAT 포함),Package #2 (요람),"550,000원","기본 + 요람 및 목화솜 이불 세트, 꽃장식, 고급액자"
아이드림펫,장례 패키지 (VAT 포함),Package #3 (프리미엄),"1,200,000원","기본 + 모시수의, 오동나무관, 반려석 제작, 호두나무함, 꽃장식 등"
아이드림펫,선택 서비스 (VAT 포함),반려석 제작,"300,000원",영구 보존 가능한 메모리얼 스톤 제작
아이드림펫,선택 서비스 (VAT 포함),픽업 서비스,별도문의,거리에 따른 차등 요금 (편도/왕복 가능)
아이들랜드,장례 서비스 (5kg 기준 / VAT 별도),아이들랜드 화장,"250,000원",개별화장 단품
아이들랜드,장례 서비스 (5kg 기준 / VAT 별도),아이들랜드 기본예식,"350,000원",염습+추모실+화장+오동나무관+기본함
아이들랜드,봉안당 안치 (1년 기준 / VAT 별도),천국실 (고급형),"200,000원",고급형 봉안당 안치 (추가 관리비 없음)
아이들랜드,봉안당 안치 (1년 기준 / VAT 별도),VIP실,"400,000원",VIP 전용 봉안당 안치 (추가 관리비 없음)
아이별,장례 서비스 (체중 5kg 미만 기준),기본 장례,"250,000원",염습+단독추모실+개별화장+국화헌화+백자유골함
아이별,장례 서비스 (체중 5kg 미만 기준),럭셔리 장례,"450,000원",염습+단독추모실+고급오동나무관+고급수의+개별화장+국화헌화+고급유골함
아이별,장례 서비스 (체중 5kg 미만 기준),프리미엄 장례,"600,000원",염습+단독추모실+최고급관+최고급수의+개별화장+국화헌화+기능성유골함+액자
아이헤븐,"일반 장례 (체중 5kg 이하 기준, 부가세 별도)",헤븐 장례,"250,000원",염습·단독추모실·개별화장·청자 유골함
아이헤븐,"일반 장례 (체중 5kg 이하 기준, 부가세 별도)",헤븐 고급 장례,"450,000원",헤븐 장례 + 고급 수의 + 고급 오동나무관
아이헤븐,"일반 장례 (체중 5kg 이하 기준, 부가세 별도)",헤븐 최고급 장례,"1,000,000원",헤븐 고급 장례 + 무지개 유골함 + 헤븐 하우스 등
아이헤븐,"루세떼 장례 (체중 5kg 이하 기준, 부가세 별도)",루세떼 장례,"800,000원",헤븐 장례 서비스 + 루세떼 제작 + 유리 봉안함
아이헤븐,"루세떼 장례 (체중 5kg 이하 기준, 부가세 별도)",루세떼 고급 장례,"1,000,000원",헤븐 고급 장례 서비스 + 루세떼 제작 + 유리 봉안함
아이헤븐,"루세떼 장례 (체중 5kg 이하 기준, 부가세 별도)",루세떼 최고급 장례,"1,400,000원",헤븐 최고급 장례 서비스 + 최고급 호두나무 루세떼함
어게인,기본 화장 비용 (몸무게별),1kg 미만 (소동물),"180,000원","염습, 단독 추모실, 개별 화장, 기본 유골함 등 포함"
어게인,기본 화장 비용 (몸무게별),5kg 미만,"200,000원","염습, 단독 추모실, 개별 화장, 기본 유골함 등 포함"
어게인,기본 화장 비용 (몸무게별),5kg ~ 10kg,"230,000원","염습, 단독 추모실, 개별 화장, 기본 유골함 등 포함"
어게인,기본 화장 비용 (몸무게별),10kg ~ 15kg,"280,000원","염습, 단독 추모실, 개별 화장, 기본 유골함 등 포함"
어게인,기본 화장 비용 (몸무게별),15kg ~ 20kg,"350,000원","염습, 단독 추모실, 개별 화장, 기본 유골함 등 포함"
어게인,선택 항목 및 장례용품,오동나무 관 (소동물),"30,000원~",소동물 전용 규격 관
어게인,선택 항목 및 장례용품,오동나무 관,"100,000원~",일반 규격 오동나무 관 예약
어게인,선택 항목 및 장례용품,최고급 요람,"200,000원~",최고급 소재 요람으로 수습
어게인,선택 항목 및 장례용품,삼베 수의,"80,000원~",전통 삼베 수의 제공
어게인,선택 항목 및 장례용품,기능성 유골함,"100,000원~",반영구 훼손 방지용 보관함
어게인,선택 항목 및 장례용품,메모리얼 스톤 (소동물),"50,000원~",소동물 유골 보석화 (스톤) 작업
어게인,선택 항목 및 장례용품,메모리얼 스톤 (일반),"200,000원~",일반 동물 스톤 제작
엔젤스톤,기본 화장 비용 (체중별),1kg 미만,"220,000원",가장 작은 소형 반려동물 기본 화장
엔젤스톤,기본 화장 비용 (체중별),1kg ~ 5kg 미만,"250,000원",일반적인 소형 반려동물 화장
엔젤스톤,기본 화장 비용 (체중별),5kg ~ 15kg 미만,"280,000 ~ 300,000원","10kg 미만 28만원, 15kg 미만 30만원"
엔젤스톤,기본 화장 비용 (체중별),15kg 이상 대형견,"330,000원 부터",이후 무게 5kg 증가시 마다 점진적 차등 요금 적용
엔젤스톤,엔젤스톤(메모리얼 스톤) 제작,수습 유골분 10g 이하,"110,000원",수습된 유골 무게 10g 기준 소형 체급 스톤화 기본 단위
엔젤스톤,엔젤스톤(메모리얼 스톤) 제작,유골분 11g ~ 60g 이하,"200,000 ~ 290,000원","유골 무게 기준 30g 내외 20만원, 60g 내외 29만원 차등"
엔젤스톤,엔젤스톤(메모리얼 스톤) 제작,유골분 60g 초과 시,"380,000원 부터",이후 유골 무게 약 30g 증가 시 마다 9만원 상당 가산
엔젤스톤,장례 용품 (선택 옵션),인견 수의,"80,000 ~ 200,000원","소형(8만), 중형(10만), 대형(12만), 특대 이상 별도"
엔젤스톤,장례 용품 (선택 옵션),오동나무 관,"30,000 ~ 250,000원",미니(3만) 부터 특대(25만) 까지 사이즈별 요금 차등
오수펫추모공원,기본 화장 비용 (일반/소동물),일반동물 주간 화장 (5kg),"200,000원",일반 반려동물 (오전 9시~오후 6시 전)
오수펫추모공원,기본 화장 비용 (일반/소동물),일반동물 야간 화장 (할일가),"230,000원",오후 6시 이후 도착 시 야간 적용
오수펫추모공원,기본 화장 비용 (일반/소동물),체중 초과 화장 추가금,"9,000원",5kg 초과 시 1kg당 가산
오수펫추모공원,기본 화장 비용 (일반/소동물),특수 및 소동물 (1kg 미만),"150,000원","햄스터, 고슴도치, 토끼 등"
오수펫추모공원,별도 선택 비용 (장례용품 및 스톤),염습,"50,000원~",장례지도사의 정갈한 수습
오수펫추모공원,별도 선택 비용 (장례용품 및 스톤),수의,"90,900원~",아름다운 이별 준비복
오수펫추모공원,별도 선택 비용 (장례용품 및 스톤),관 / 수목장 유골함,"109,000원~","관(109,000~), 수목장 유골함(136,000~)"
오수펫추모공원,별도 선택 비용 (장례용품 및 스톤),기능성 유골함,"126,500원~",반영구 훼손 차단 보존
오수펫추모공원,별도 선택 비용 (장례용품 및 스톤),로시오 스톤 제작,"230,000원~",고유 보석 스톤 제작
오수펫추모공원,"추모관 (안치 비용, 1년)",봉안당 1단 특가,"100,000원",정상 30만 -> 할인가 10만
오수펫추모공원,"추모관 (안치 비용, 1년)",봉안당 2단 / 6단,"200,000원",정상 40만 -> 할인가 20만
오수펫추모공원,"추모관 (안치 비용, 1년)",로얄층 (3/4/5단),"400,000원",정상 50만 -> 할인가 40만
오수펫추모공원,"추모관 (안치 비용, 1년)",자연장지 (잔디 평장),"150,000원",야외 잔디밭 안치
오수펫추모공원,"추모관 (안치 비용, 1년)",자연장지 (수목장),"300,000원~",수목 아래 자연 안치
우바스,개별화장 (기본),"소동물 (햄스터, 앵무새 등)","150,000원","개별화장, 추모실 사용"
우바스,개별화장 (기본),1kg 미만,"180,000원","개별화장, 추모실 사용"
우바스,개별화장 (기본),5kg 미만,"200,000원","개별화장, 추모실 사용"
우바스,장례 용품 (선택),수의 (고급 삼베),"200,000원 ~ 400,000원",규격 및 재질에 따른 차등
우바스,장례 용품 (선택),관 (오동나무),"150,000원 ~ 600,000원",규격 및 재질에 따른 차등
우바스,장례 용품 (선택),유골함 (기능성 도자기),"100,000원 ~ 300,000원",기능성 도자기 유골함
우바스,메모리얼 스톤 / 안치,메모리얼 스톤 제작,"250,000원 ~",유골 100% 스톤 제작
우바스,메모리얼 스톤 / 안치,봉안실 안치 (1년),"100,000원 ~ 500,000원",일반실/특실 구분
우바스,메모리얼 스톤 / 안치,수목장,"500,000원",자연 친화적 수목장
위드엔젤,일반 동물 장례 패키지 (5kg 미만 기준),기본 장례,"250,000원",기본 화장 등 필수 장례 절차 지원
위드엔젤,일반 동물 장례 패키지 (5kg 미만 기준),예식 용품,별도 문의,선택 사항 및 세부 용품
이별공간,장례 패키지 (5kg 미만 / VAT 별도),공통장례,"250,000원","염습, 단독 추모, 개별화장, 기본함 등"
이별공간,장례 패키지 (5kg 미만 / VAT 별도),구름장례,"350,000원",공통 + 수제 이불수의 + 구름관
이별공간,장례 패키지 (5kg 미만 / VAT 별도),이별장례,"450,000원",공통 + 수제 이불수의 + 오픈관 + 사진액자
이별공간,장례 패키지 (5kg 미만 / VAT 별도),이별고급장례,"650,000원",공통 + 고급 삼베수의 + 백자 유골함 + 뚜껑관
이별공간,장례 패키지 (5kg 미만 / VAT 별도),무지개장례,"850,000원",공통 + 고급 이불수의 + 기능성 유골함 + 하우징 + 액자
이별공간,장례 패키지 (5kg 미만 / VAT 별도),프리미엄장례,"1,300,000원",공통 + 명주수의 + 뚜껑관 + 호두나무함 + 하우징 + 액자
이별공간,결합 패키지 (장례 + 안치/스톤),납골당 패키지,"950,000원",이별장례 + 납골당(상하층) + 기능성함 + 액자 등
이별공간,결합 패키지 (장례 + 안치/스톤),스톤 패키지,"950,000원",이별장례 + M스톤 + 고급 스톤함 + 액자
이별공간,결합 패키지 (장례 + 안치/스톤),납골당 프리미엄,"1,500,000원",공통장례 + 납골당(전층) + 명주수의 + 뚜껑관 + 호두나무함 + 액자
이별공간,결합 패키지 (장례 + 안치/스톤),스톤 프리미엄,"1,500,000원",공통장례 + M스톤 + 최고급함 + 명주수의 + 뚜껑관 + 하우징 + 액자
이별공간,기타 비용 및 서비스 (VAT 별도),체중 추가 비용,"10,000원 (1kg당)",5kg 초과 시 적용
이별공간,기타 비용 및 서비스 (VAT 별도),봉안당 안치 (상하층),"200,000원","1, 2, 6층 안치 (1년 기준)"
이별공간,기타 비용 및 서비스 (VAT 별도),봉안당 안치 (중층),"300,000원","3, 4, 5층 안치 (1년 기준)"
이별공간,기타 비용 및 서비스 (VAT 별도),수목장 / 기와장,"100,000원",자연 안치 (1년 기준)
전주아리움,등록 요금 정보 없음,-,전화 문의,-
전주하늘,등록 요금 정보 없음,-,전화 문의,-
젠틀펫스타,등록 요금 정보 없음,-,전화 문의,-
좋은친구들,일반 장례비용 (5kg 기준),기본 장례,"150,000원","예식실이용, 화장, 참관, 기본유골함"
좋은친구들,일반 장례비용 (5kg 기준),선택 사항,별도 문의,"수의, 관 별도 상담"
타임투,베이직 장례 서비스 (VAT 포함),주간 베이직 (09:00 - 18:00),"250,000원",5kg 기준 (1kg 초과 시 1만원 가산)
타임투,베이직 장례 서비스 (VAT 포함),야간 베이직 (18:00 - 22:00),"280,000원",5kg 기준 (1kg 초과 시 1만원 가산)
타임투,장례 패키지 (VAT 포함),타임투 장례 서비스,"470,000원",베이직 + 고급 수의/관 + 기능성함
타임투,장례 패키지 (VAT 포함),프리미엄 장례 서비스,"900,000원",베이직 + 특급 수의/관 + 특급 기능성함 + 액자
타임투,타임스톤 결합 패키지 (VAT 포함),베이직 타임스톤,"600,000원",베이직 장례 + 타임스톤 제작 + 기본 케이스
타임투,타임스톤 결합 패키지 (VAT 포함),타임투 타임스톤,"980,000원",타임투 패키지 + 타임스톤 + 고급 케이스
타임투,타임스톤 결합 패키지 (VAT 포함),프리미엄 타임스톤,"1,200,000원",프리미엄 패키지 + 타임스톤 + 특급 케이스 + 액자
파트라슈,기본 장례 비용,기본 화장 (5kg 미만),"200,000원 ~",-
파트라슈,기본 장례 비용,기본 화장 (5~15kg),"250,000원 ~",-
파트라슈,필수 포함 내역,기본 영정사진,무료,-
파트라슈,필수 포함 내역,개별 추모실,무료,-
파트라슈,필수 포함 내역,기본 유골함,무료,-
파트라슈,추가 선택 사항,수의/관,별도 비용,-
파트라슈,추가 선택 사항,메모리얼 스톤,"200,000원 ~",-
패투헤븐,패키지 장례,레귤러 패키지,별도 문의,"관, 수의, 유골함이 포함된 장례입니다."
패투헤븐,패키지 장례,스페셜 패키지,별도 문의,"관, 수의, 유골함이 포함된 장례입니다."
패투헤븐,패키지 장례,프리미엄 패키지,별도 문의,"관, 수의, 유골함이 포함된 장례입니다."
패투헤븐,패키지 장례,패투헤븐 패키지,별도 문의,"관, 수의, 유골함이 포함된 장례입니다."
패투헤븐,메모리얼 스톤 장례 패키지,레귤러 스톤 패키지,별도 문의,패키지 장례 + 메모리얼 스톤
패투헤븐,메모리얼 스톤 장례 패키지,스페셜 스톤 패키지,별도 문의,패키지 장례 + 메모리얼 스톤
패투헤븐,메모리얼 스톤 장례 패키지,프리미엄 스톤 패키지,별도 문의,패키지 장례 + 메모리얼 스톤
패투헤븐,메모리얼 스톤 장례 패키지,패투헤븐 스톤 패키지,별도 문의,패키지 장례 + 메모리얼 스톤
퍼스트펫,장례 패키지 (체중 무관),기본 장례 서비스,"250,000원",염습·개별화장·추모 예식·유골함 등 기본 제공
퍼스트펫,장례 패키지 (체중 무관),베이직 장례 I,"450,000원",기본 장례 + 칠성판 소형 + 편백함 소형
퍼스트펫,장례 패키지 (체중 무관),베이직 장례 II,"690,000원",수목장 또는 자연장을 염두에 둔 분해형 패키지
퍼스트펫,장례 패키지 (체중 무관),프리미엄 장례,"770,000원",최고급 수의와 호두나무 목함이 포함된 패키지
퍼스트펫,장례 패키지 (체중 무관),퍼스트 장례,"990,000원",퍼스트펫 최고의 장례 패키지 (맞춤 수의 및 액자 세트)
페어웰,등록 요금 정보 없음,-,전화 문의,-
펫노블레스,등록 요금 정보 없음,-,전화 문의,-
펫로스케어,등록 요금 정보 없음,-,전화 문의,-
펫메모리얼,등록 요금 정보 없음,-,전화 문의,-
펫바라기 남원점,등록 요금 정보 없음,-,전화 문의,-
펫바라기 일산점,등록 요금 정보 없음,-,전화 문의,-
펫오케스트라,오케스트라 기본 장례 비용,보호자님 동행,"350,000원 (소형견 기준, 대형견 오십만원)","염습, 단독추모실, 개별화장, 유골인도"
펫오케스트라,오케스트라 기본 장례 비용,보호자님 비동행,"350,000원 (소형견 기준, 대형견 오십만원)",동행 장례와 동일한 절차로 진행
펫오케스트라,부가 서비스 내용,리무진 서비스 (픽업/이동),왕복 5~7만원,지역에 따라 상이함
펫콤,등록 요금 정보 없음,-,전화 문의,-
펫포레스트 경기광주점,장례 패키지,스탠다드 장례,"350,000원","기본 유골함, 고급 보자기 등"
펫포레스트 경기광주점,장례 패키지,포레스트 장례,"700,000원","고급 수의, 고급 오동나무관, 포레스트 유골함 등"
펫포레스트 경기광주점,장례 패키지,프리미엄 장례,"1,400,000원","최고급 수의, 최고급 오동나무관, 기능성 유골함 등"
펫포레스트 경기광주점,장례 패키지,스탠다드 루세떼 장례,"1,000,000원",스탠다드 장례 + 루세떼 제작 + 유리병 + 보증서
펫포레스트 경기광주점,장례 패키지,포레스트 루세떼 장례,"1,350,000원",포레스트 장례 + 루세떼 제작 + 유리병 + 보증서
펫포레스트 경기광주점,장례 패키지,프리미엄 루세떼 장례,"1,750,000원",프리미엄 장례 + 루세떼 제작 + 유리병 + 보증서
펫포레스트 김포점,장례 패키지,스탠다드 장례,"350,000원","기본 유골함, 고급 보자기 등"
펫포레스트 김포점,장례 패키지,포레스트 장례,"700,000원","고급 수의, 고급 오동나무관, 포레스트 유골함, 액자, 발도장 클레이 등"
펫포레스트 김포점,장례 패키지,프리미엄 장례,"1,400,000원","최고급 수의, 최고급 오동나무관, 기능성 유골함, 꽃다발, 포레스트 하우징, 액자 등"
펫포레스트 김포점,장례 패키지,스탠다드 루세떼 장례,"1,000,000원",스탠다드 장례 + 루세떼 제작 + 유리병 + 보증서
펫포레스트 김포점,장례 패키지,포레스트 루세떼 장례,"1,350,000원",포레스트 장례 + 루세떼 제작 + 유리병 + 보증서
펫포레스트 김포점,장례 패키지,프리미엄 루세떼 장례,"1,750,000원",프리미엄 장례 + 루세떼 제작 + 유리병 + 보증서
펫포레스트 남양주점,장례 패키지,스탠다드 장례,"350,000원","기본 유골함, 고급 보자기 등"
펫포레스트 남양주점,장례 패키지,포레스트 장례,"700,000원","고급 수의, 고급 오동나무관, 포레스트 유골함, 액자, 발도장 클레이 등"
펫포레스트 남양주점,장례 패키지,프리미엄 장례,"1,400,000원","최고급 수의, 최고급 오동나무관, 기능성 유골함, 꽃다발, 포레스트 하우징, 액자 등"
펫포레스트 남양주점,장례 패키지,스탠다드 루세떼 장례,"1,000,000원",스탠다드 장례 + 루세떼 제작 + 유리병 + 보증서
펫포레스트 남양주점,장례 패키지,포레스트 루세떼 장례,"1,350,000원",포레스트 장례 + 루세떼 제작 + 유리병 + 보증서
펫포레스트 남양주점,장례 패키지,프리미엄 루세떼 장례,"1,750,000원",프리미엄 장례 + 루세떼 제작 + 유리병 + 보증서
펫포유,장례서비스 (5kg 미만 기준),기본 장례,"180,000원",개별화장(단독) + 기본유골함
펫포유,장례서비스 (5kg 미만 기준),펫포유 장례,"200,000원",염 + 단독추모실 + 국화헌화 + 종교용품 + 개별화장 + 기본유골함
펫포유,장례용품 (선택),수의,"100,000원~",삼베 / 면
펫포유,장례용품 (선택),수의보,"120,000원~",인견 / 명주
펫포유,장례용품 (선택),관,"100,000원~",오동나무
펫포유,장례용품 (선택),기능성 유골함,"80,000원~","부패 방지, 냄새 차단"
펫포유,루세떼 제작,루세떼 제작,"600,000원",루세떼 제작 + 유리 봉안함 (유골량 150g 기준)
포이리스,등록 요금 정보 없음,-,전화 문의,-
포포즈 경기광주점,등록 요금 정보 없음,-,전화 문의,-
포포즈 김포점,등록 요금 정보 없음,-,전화 문의,-
포포즈 김해점,등록 요금 정보 없음,-,전화 문의,-
포포즈 부산점,등록 요금 정보 없음,-,전화 문의,-
포포즈 세종점,등록 요금 정보 없음,-,전화 문의,-
포포즈 양주점,등록 요금 정보 없음,-,전화 문의,-
포포즈 화성점,등록 요금 정보 없음,-,전화 문의,-
푸른솔,등록 요금 정보 없음,-,전화 문의,-
하늘강아지,등록 요금 정보 없음,-,전화 문의,-
하늘별,등록 요금 정보 없음,-,전화 문의,-
하늘소풍,장례 서비스 패키지 (10kg 미만 기준),기본 장례,"250,000원","염습, 단독 추모실, 종교용품, 국화 헌화, 개별 화장, 단독 참관실, 기본 유골함"
하늘소풍,장례 서비스 패키지 (10kg 미만 기준),하늘 장례,"450,000원","염습, 고급 수의, 고급 오동나무 관, 단독 추모실, 종교용품, 국화 헌화, 개별 화장, 단독 참관실, 기본 유골함"
하늘소풍,장례 서비스 패키지 (10kg 미만 기준),소풍 장례,"750,000원","염습, 최고급 수의, 최고급 오동나무 관, 단독 추모실, 종교용품, 국화 헌화, 개별 화장, 단독 참관실, 최고급 보존 유골함"
하늘소풍,장례 서비스 패키지 (10kg 미만 기준),하늘 에퀴녹스 수목 장례,"650,000원",기본 장례 절차 + 하늘 에퀴녹스 수목장 1년 안장 비용 + 수목 전용 목함
하늘소풍,장례 서비스 패키지 (10kg 미만 기준),소풍 에퀴녹스 수목 장례,"950,000원",하늘 장례 절차 + 수목 전용 목함 + 소풍 에퀴녹스 수목장 1년 안장 비용
하늘소풍,장례 서비스 패키지 (10kg 미만 기준),프리미엄 에퀴녹스 수목 장례,"1,350,000원",하늘 장례 절차 + 최고급 매장 유골함 + 수목장 안장 + 맞춤 추모비
하늘소풍,장례 서비스 패키지 (10kg 미만 기준),리본 스톤 단독 제작,"350,000원",순수 유골만으로 제작되는 추모 보석
하늘소풍,안치 시설 및 부가 서비스,에퀴녹스 수목장,별도 문의,에퀴녹스 수목장 안치 시설
하늘소풍,안치 시설 및 부가 서비스,빌리지 봉안당,별도 문의,"고요하고 평온한 무지개다리 너머의 작은 마을, 빌리지 봉안당입니다."
하얀민들레,"기본 화장 비용 (염습, 사진, 추모제 포함)",1kg 미만,"100,000원~",소형견/묘 기준 (상세 요금 문의 보완)
하얀민들레,"기본 화장 비용 (염습, 사진, 추모제 포함)",5kg 미만,"200,000원~",일반 소형견/묘 기준
하얀민들레,"기본 화장 비용 (염습, 사진, 추모제 포함)",10kg 미만,"300,000원",중형견 기준
하얀민들레,"기본 화장 비용 (염습, 사진, 추모제 포함)",15kg 미만,"350,000원",중대형견 기준
하얀민들레,"기본 화장 비용 (염습, 사진, 추모제 포함)",대형견,별도문의,15kg 이상 대형견 상세 요금 문의
하얀민들레,선택 장례 용품,수제 한지 수의,"100,000원",정성껏 제작된 수제 한지 소재
하얀민들레,선택 장례 용품,삼베 수의,"130,000원",전통 삼베 소재 수의
하얀민들레,선택 장례 용품,유색 삼베 수의,"150,000원",고급스러운 유색 삼베 소재
하얀민들레,선택 장례 용품,칠성판,"70,000원",아이의 마지막 안식을 위한 판
하얀민들레,선택 장례 용품,고급관,"150,000원",고품격 오동나무 소재 관
하얀민들레,선택 장례 용품,원목함,"20,000원",기본 원목 소재 유골함
하얀민들레,선택 장례 용품,고급 기능성함,"100,000원",훼손 방지 기능성 유골함
하얀민들레,봉안 및 추모 서비스,메모리얼 스톤 (5kg 미만),"350,000원",영구 보존 가능한 보석화 작업
하얀민들레,봉안 및 추모 서비스,일반 봉안당 (1년),"100,000원",표준형 정기 안치 서비스
하얀민들레,봉안 및 추모 서비스,VIP 봉안당 (1년),"200,000원",프리미엄 채광 및 대형 공간 안치
한별,등록 요금 정보 없음,-,전화 문의,-
한별리멤버파크,등록 요금 정보 없음,-,전화 문의,-
한별소울펫,등록 요금 정보 없음,-,전화 문의,-
해늘마루,등록 요금 정보 없음,-,전화 문의,-
해피엔딩,"기본 화장 비용 (개별화장, 분골, 기본함 포함 / VAT 별도)",소형동물 (1kg 미만),"150,000원","햄스터, 새 등 특수동물 기준"
해피엔딩,"기본 화장 비용 (개별화장, 분골, 기본함 포함 / VAT 별도)",5kg 미만,"200,000원",일반 소형견/묘 기준
해피엔딩,"기본 화장 비용 (개별화장, 분골, 기본함 포함 / VAT 별도)",5kg ~ 10kg,"250,000원",5kg 초과 시 1kg당 1만원 추가
해피엔딩,"기본 화장 비용 (개별화장, 분골, 기본함 포함 / VAT 별도)",10kg ~ 15kg,"300,000원",5kg 초과 시 1kg당 1만원 추가
해피엔딩,"기본 화장 비용 (개별화장, 분골, 기본함 포함 / VAT 별도)",15kg ~ 20kg,"350,000원",5kg 초과 시 1kg당 1만원 추가
해피엔딩,"기본 화장 비용 (개별화장, 분골, 기본함 포함 / VAT 별도)",20kg 이상,"450,000원~",20kg 초과 시 1kg당 2만원 추가 (문의)
해피엔딩,선택 장례 용품 및 서비스 (VAT 별도),염습,"50,000원",정갈한 사체 수습 서비스
해피엔딩,선택 장례 용품 및 서비스 (VAT 별도),입관,"50,000원",정중한 입관 예식
해피엔딩,선택 장례 용품 및 서비스 (VAT 별도),일반 수의,"100,000원~",정성 가득한 수의
해피엔딩,선택 장례 용품 및 서비스 (VAT 별도),고급 수의,"300,000원",고품격 프리미엄 수의
해피엔딩,선택 장례 용품 및 서비스 (VAT 별도),제단 꽃장식,"150,000원~",아이의 마지막을 위한 꽃 장식
해피엔딩,선택 장례 용품 및 서비스 (VAT 별도),영안실 안치 (1일),"30,000원",장례 대기를 위한 저온 안치
해피엔딩,봉안 및 특수 서비스 (VAT 별도),메모리얼 스톤 (프레또),"250,000원",영구 보존 가능한 유골 보석화 (70g 미만)
해피엔딩,봉안 및 특수 서비스 (VAT 별도),픽업 서비스 (편도),"30,000원~",운구 지원 서비스 (지역별 차등)
해피엔딩,봉안 및 특수 서비스 (VAT 별도),산골 및 자연장,별도문의,평화로운 안식처 안치 서비스
해피엔딩,봉안 및 특수 서비스 (VAT 별도),봉안 시설 이용,별도문의,실내 봉안당 안치 안내
해피펫,등록 요금 정보 없음,-,전화 문의,-
